0,1,2,label
-8.187233115157085,-8.996644689693596,1.5778311727335628,0
-4.471974959660328,-5.397537761632966,6.284827834243842,0
-0.9251966017559052,-4.802943166666678,9.505919719937458,0
-8.94358806269559,-5.821229803014029,7.795490918048308,0
-11.741649268794903,-8.136441292425914,-2.4630630254557917,0
-1.221922067160392,-6.401449622915578,-2.006437819510396,0
-1.4025660005285427,-6.843600211487471,4.464637697276549,0
2.887043265070604,-3.1491549642431447,15.211293032679045,0
-6.703205523546252,-8.771996782361319,-2.012945702242029,0
-5.224668759097716,-3.695846259083061,11.31950808682018,0
-5.390384477934017,-9.535801176827842,4.529522602014614,0
-12.44438134543439,-10.600061554985714,5.581382096116306,0
-4.996911044723694,-6.967945623467452,9.49330526070721,0
-6.500864271365394,-8.526143335715224,6.2823343828602205,0
-5.936246863329005,-5.6565320580513045,1.7417562166914449,0
-10.083340322087103,-6.542979040306638,14.535481485529628,0
-13.281300717870412,-9.32364775146278,1.0778420611023525,0
1.4322549016878543,-7.108777323085284,5.32187205399023,0
-13.743735411297116,-15.25974446680603,-8.9037475784468,0
-11.590951608480086,-7.470444724966082,5.501075792226317,0
-10.669796792855834,-10.472916563558638,-5.465971452017024,0
-1.9711434321142909,-5.738883599550178,3.2061754349071725,0
-2.110637208392238,-5.304285575944476,13.277679958342103,0
-15.673058231225282,-10.459299986572866,2.9933105230098187,0
-14.754465151496102,-11.858806745914215,-1.3722387477045102,0
-2.3267603792584466,-7.447991758570158,6.723070348507152,0
-7.467922367479148,-9.703453297048732,0.8170519429608465,0
-8.433134669147703,-6.359474333289445,0.1097230298518461,0
-9.299124091763048,-9.060889460574383,3.5120107162607157,0
-9.922542545336675,-7.299570455832047,9.960244331573591,0
-1.8654592747210368,-2.034567336741901,16.656598843628604,0
-6.839710429863548,-6.324740013764249,2.904860657471482,0
3.640092780030816,-4.87980925896704,10.00521847163106,0
-4.126915865273565,-6.712511640346993,4.4092874271151,0
-4.68275198245843,-8.666257100367186,1.6020821154923075,0
-2.5840517012422466,-2.1352113003548805,7.315561785505927,0
-10.755316189653222,-6.486167780879121,2.277467756604308,0
-6.905012307966462,-8.769050851906425,-6.695128918319742,0
-1.553794703238764,-9.448227932579274,-1.2628236638101722,0
-0.0045053192593575,-3.3099026115395063,6.572295247121209,0
-1.4135526300996384,-2.4855075340611243,11.27774756943781,0
-9.047709739275032,-9.142127142648938,5.997218938046338,0
-7.647763469026634,-4.710649245583806,7.744550351925228,0
-8.976917807756386,-10.2040085010948,0.7952726522240026,0
-3.965995442867468,-5.784416517836851,7.943383009383356,0
-4.559870457212915,-5.731430630512304,11.213684136025016,0
-7.013857215817433,-5.622212295326053,6.303079440726704,0
-12.830084099818905,-7.350183961766329,7.702012980215157,0
-6.782403656403359,-5.663944714657946,-2.0919302632657564,0
5.253988881854669,-1.428469008502983,19.32727262941216,0
-9.058147273505291,-10.051504106800694,-3.232448276931102,0
0.2417169165668866,-5.46336828035792,0.8673006956885336,0
-12.560685618351416,-6.889429302029951,3.977924257675557,0
-7.775856047664231,-3.318627862502331,10.03361466857943,0
-7.726792454867481,-10.594774385402925,8.617666887403232,0
-3.83818707147445,-8.599835896932522,9.22152364809262,0
4.317498210945496,-3.158702852204009,5.916370996151304,0
-1.0262669609684956,-4.753598395805394,6.954961731334401,0
-6.03475468083205,-6.312955623485706,16.252493992532287,0
-3.9375930830351775,-4.450402536036517,4.952177489396047,0
-17.877764058344546,-11.314441121608166,-5.000229657134133,0
-15.904732482860322,-8.054399724091272,4.495444893507007,0
-0.4749899556099182,-5.71245871419796,10.317791431416984,0
-9.397751377686465,-7.561818792819931,-2.2476807759685613,0
-11.432211920219997,-9.069781411200566,1.800790391303705,0
4.030724324513834,-1.6920549120832806,13.66593792898845,0
-3.31701203294672,-6.282348686612234,-1.260286428949267,0
-13.375322216202273,-11.206712654777212,-7.832319769280168,0
-3.8769673607373214,-4.038542412450537,9.863161078400145,0
-8.277897346878994,-6.950569438075264,4.399326632597068,0
-7.094740702474759,-4.59476880506854,5.956225869703232,0
-0.3417426218157642,-4.988779030556998,4.857775025779404,0
-5.267869627508336,-8.083412280080372,3.510673591195637,0
-7.591953099000794,-5.826176740067241,11.083007079038271,0
-6.088928100896983,-4.674070232341801,7.778117571115125,0
-6.037247384375956,-9.603154481196682,-0.0700896862663524,0
-11.736115422065785,-5.026757431744453,10.310999048228918,0
0.6339994292392221,-6.074749504210475,8.280961746714143,0
-4.770762269343287,-8.26791891440133,6.165922917175479,0
-3.2075443655764024,-8.470093407084478,2.78332995607341,0
-2.448516066897377,-6.0510487106954365,11.240292863572552,0
-8.489275159414124,-8.081437125185358,9.093039400962786,0
-11.374940298564358,-4.433555112123329,4.645082441178772,0
1.1549338404544214,-4.140118936478829,14.70237962098841,0
-6.783541862734603,-7.950782086396272,0.6175374921172647,0
0.5485985472882566,-7.926966215210467,1.418374892884532,0
-7.100253145218815,-8.308026272300776,12.12209573660985,0
-5.214608599601217,-9.47385378110874,-5.880852074614973,0
-13.91578115124006,-6.869422156857899,-3.03188575177845,0
-17.086740696309384,-8.994438933516554,-1.4619216835053432,0
-3.2441020704770764,-2.7709644164996545,3.974305249189096,0
-9.596600444790631,-11.836870127514691,-8.429880100114787,0
-5.24229689470492,-8.557600698099868,7.990495705718306,0
-6.303821377181901,-9.36852595953786,5.7660255051788445,0
-7.341112628969552,-12.639321372249803,0.379496403348126,0
2.55140170437215,-4.925259508946938,6.167194797131041,0
-9.982024477084876,-8.025667478346147,3.3534899063111823,0
-11.215490143146246,-9.932083979383597,-0.8660886204891387,0
-10.13596431017379,-11.523927317079329,2.2224688062660087,0
-2.5664657661720875,-1.9347394466442316,12.98739482847682,0
-4.477757342186767,-9.224369359163118,-0.8541330834620755,0
-7.205879282201681,-8.407808733972542,3.198461715366837,0
-2.9393751313944847,-9.71230496652269,5.694747829984101,0
-4.78914239366571,-10.346168512663652,2.353588915304078,0
7.292182193539681,-5.2122798537647546,15.316585007792508,0
-13.36417902190254,-8.530114383314206,3.777275417425439,0
0.9810940202701106,-3.527393927674777,11.489948284290382,0
-4.01273147678855,-4.213421364822743,13.422468840069564,0
0.3084331104755859,-3.5209404827279496,9.503673871217986,0
1.087061140777238,-10.628252743129604,5.591536689318312,0
-5.895547584713741,-5.3852256606657,3.144594684590458,0
-0.7996862357453898,-9.009080086525076,11.609066317879504,0
-2.9503693837327867,-5.6919811129627895,2.3158506684585807,0
-12.182528705644463,-10.39774758312884,7.895948669455949,0
-5.321010832383903,-3.59095325273818,8.48027450421987,0
-9.17106095235416,-6.148594923678063,5.95377522253997,0
-5.874420505555604,-6.4019669737196,13.556697083563916,0
-8.005762677103016,-11.282958333020083,-2.239905984580064,0
-3.776217083836843,-4.181468844854846,17.601504688424512,0
-3.282169881765725,-10.186510364558028,0.5268374746698212,0
-12.605253043343303,-10.82763301400436,4.293044547462744,0
-9.475717491139187,-12.052467552314548,-2.795998977792082,0
-9.800509281583276,-7.330258775128724,-6.241241854177682,0
-9.894481948195082,-7.212555679777366,-0.10997031408011,0
-5.879882719976502,-4.384837895372467,15.67236033070831,0
-11.691109684040114,-5.985937068919109,0.9082855460975744,0
-3.6132939037894287,-6.90828247542715,6.29006009998469,0
-2.3600280525594184,-5.162011463694453,6.664852806199336,0
-11.8508036421168,-6.0649194175906045,8.100139040633385,0
-7.540132102486045,-9.041255645709768,5.433284837255385,0
-7.450433304208736,-7.074675784347505,-1.0511332318927549,0
-7.186589693086615,-3.560823844520016,3.3167585914954,0
-2.4532767520187377,-6.379279200443023,9.065479565897176,0
-3.5312213923168474,-8.236273291864416,11.274979156181988,0
4.7654656325101765,-6.218411452935335,3.409470226495757,0
-11.057666196063364,-4.879078066132188,5.79688972939703,0
-7.999952801269426,-7.262920248115731,7.77812653585416,0
-1.4160500834302503,-7.550385405553886,2.061270788022484,0
-13.523130939988668,-11.426406375331078,1.7041742616596969,0
-8.041701204766571,-7.2193735690652385,1.998944138500765,0
-16.921835282427473,-8.33354698935906,1.7554658032130548,0
-9.291796487078187,-4.988613230564804,11.998514668236492,0
-13.426048749774948,-7.833853532236357,-0.1042706637605874,0
-14.079104801174235,-8.347691667083243,7.682417106639106,0
-1.2970796183889464,-4.109801945068012,12.36335251904611,0
-9.760975106310344,-2.5513834461750795,15.567877679880905,0
-2.7519487981741824,-8.166336801235436,4.370443270829956,0
-6.9787597136800255,-4.716569651241541,10.058222045967437,0
-1.479282277392226,-4.104507336893934,1.3940857937822582,0
-7.986679452974263,-10.666521402697224,3.7863169457745673,0
2.281967954643866,-0.7264781808715979,20.46154279402769,0
-7.179155473170424,-8.823562334213024,8.832341739041606,0
-5.397460943522227,-11.46295750109055,-4.034218053120714,0
0.6980403675434159,-6.593065754039453,3.2085607352938164,0
-5.501958216012018,-6.595966894006262,-2.060261981796514,0
-4.673620941441664,-6.204058294374373,1.254485876485238,0
-0.697040398013308,-7.955621607149343,-6.119741650892875,0
-15.082254122647273,-11.46477115289576,0.9481498834950955,0
-7.736014596111017,-7.480392557900096,8.883680691145097,0
-12.526101442109027,-10.885399244848651,-0.0144772284114766,0
1.4781923802074255,-6.795883591169063,9.496142515013876,0
-2.3776666435513047,-5.337360905201699,5.36014644444364,0
-5.575682637706513,-6.531956451769562,6.770798036254445,0
-1.2063425068227709,-7.255948392215113,5.956540844730532,0
-9.47732823718863,-8.960122924852872,0.6080672857020302,0
-13.662543574469565,-8.04201619730152,-5.054751026720464,0
-7.940353381672208,-2.6523428773904723,7.926120187580514,0
-14.011011203039711,-4.36154824928215,6.651524036814068,0
-12.534902977646794,-12.304346680845054,-3.846239875540423,0
-9.486718901688471,-6.219029762872377,4.173408214384295,0
-8.995300625322894,-9.054679356912107,4.705012341500337,0
-3.909066825892576,-4.48562529794421,6.403578079505261,0
-12.66814211250301,-6.8474555309118434,10.421124531459396,0
-4.01767611237927,-10.801727149037204,-10.109317199143243,0
-2.8324606038065614,-7.663332508922875,2.5532220239795684,0
-10.857092832417676,-10.062549818761369,11.764462835895642,0
-6.629775996211072,-6.016411041028868,5.163396118670521,0
-5.584231374713616,-2.171100396457686,13.638838827966028,0
1.840966058745352,-4.84645943089845,12.791103884288496,0
-1.0124073482855405,-6.225803851237804,15.577024658137775,0
-5.608901568800131,-5.910916586846399,-3.7760960840388895,0
-6.697811610856325,-2.8535541307301884,11.070634298146825,0
3.403080620716461,-0.854684251907841,17.13296858734392,0
-8.91699231148867,-5.243324732444215,1.6023818999236037,0
3.5429947028450552,-2.939141174860604,4.833904497997599,0
-0.301780562206364,-2.667259319742983,5.029504869820942,0
-10.131267541019415,-8.046965421358276,6.99490921978751,0
0.4409368434303138,-3.377725466175455,0.101392674022005,0
-11.607615355709278,-7.43218446600306,0.5005784006758729,0
-1.6842177637432163,-9.381787850003096,9.39150191682846,0
-3.7187937693741433,-8.569217786044794,-2.672480216140592,0
-4.386581399698192,-4.069491532670934,3.201641586244951,0
-5.1152771417920455,-7.805668283386788,0.489892575678482,0
-18.59040063032604,-9.615462286337848,8.330033560146944,0
-7.718887897105615,-7.841176179107198,14.218875652495193,0
-5.148125961094393,-7.453966085889604,4.626861960844841,0
2.107658967670064,-3.845219065951032,17.80282964805897,0
7.3336236739681535,-3.5804093738597977,10.071514786091278,0
-16.991646821191488,-9.171547316095822,-5.750458890034928,0
-9.738525784024455,-12.371884002962217,-4.614944868446504,0
-4.45802185155025,-3.898658211587724,4.940926366527693,0
2.254772173342346,-6.781938862707298,6.914919894176062,0
-5.280234739835573,-1.543514993979394,6.502322443424636,0
-9.727093330558583,-5.834660068929119,-2.873417504705385,0
-14.327427834422725,-13.463106443747034,-10.946321657901713,0
-1.5100188838367945,-8.585623050417393,3.737940851081936,0
-1.8220997724884145,-5.898013311491199,6.018395816482245,0
-2.4641548288665738,-2.5999368387178867,14.644588151708096,0
0.755063030354969,-2.697952508670011,13.633788883463776,0
4.099623383193732,-4.916916568807955,12.642870058808231,0
-8.319713443610564,-8.553941203988431,7.428893710246807,0
-2.0476477999117777,-4.043551317050438,10.93998981487794,0
-3.0023146798348006,-3.8162610872264535,11.851898610819458,0
-4.456871904717289,-5.873748408752677,9.617376767082902,0
-10.41499904122933,-9.480311624906737,7.489850652532328,0
-6.357983053008878,-4.45436465144463,12.84416830053567,0
2.316734429963379,-1.9429910803502568,13.837042103922416,0
-8.324805668987834,-8.986451016575575,-1.3171573661829328,0
-11.499341679008012,-9.149112445776094,6.39049388953037,0
-8.604655003513773,-7.786257684325319,2.8504947122310687,0
-6.535219936174137,-7.223462220064273,10.16596403823057,0
-11.958752383881295,-10.253164711025676,-2.887657935009594,0
-2.1635876045137774,-6.866004064702267,0.314991521800704,0
-4.271766760265344,-1.5473375212731515,17.47946215314124,0
-4.047658178335606,-6.762572588559002,7.936937747790385,0
-15.426351690857434,-10.61886180866786,12.144184336979794,0
-2.350402712501994,-2.711931020694988,8.978991583528334,0
-8.578321611955367,-6.573040841778401,10.805055071206658,0
-7.345896806907248,-6.280383922363141,6.184660621013037,0
-2.0895956086874548,-9.812891035212871,1.2798857513414772,0
-11.137023894720471,-8.262602359780775,4.297637201787634,0
2.179899052863908,-4.410807921752307,1.8985599487397036,0
-5.935943782418151,-6.34014193080491,9.343653207117306,0
-10.101926568094283,-7.432684248826512,8.992632240163314,0
-6.474737764334443,-7.857830822172563,1.673248425459589,0
-7.424984968063809,-10.433299722061117,6.160440961922719,0
0.9269823587849144,-4.645910750209216,5.91177704330587,0
-0.0486305089684595,-8.209508139730508,-1.173289271189855,0
-5.707058783141262,-8.236170999231966,-2.4033260864880903,0
-7.864820535372562,-7.802386829452387,0.7514630444801718,0
-12.258813433727996,-7.845284905122317,1.6037213602410585,0
-3.7162632203683352,-7.957672333174375,15.852349333288016,0
1.9437506496003536,-5.311748178535618,9.852476288700656,0
-16.550756218686608,-13.530676623334456,-1.918271738174328,0
-16.4093510643618,-6.110856493681654,3.497751265623084,0
-3.184408461746909,-9.787712876412147,7.670543093629953,0
-10.651920614142874,-9.398739820668554,1.2856777306339455,0
-7.578959466789423,-8.22505286033399,4.744895690280386,0
-16.222099117703483,-5.899282547442292,7.672923034175735,0
9.878348264180108,-3.774356675290391,4.928999931814258,0
-18.98623434866832,-5.7468468123096645,-1.051931568807027,0
-7.757550078380669,-10.255929348136291,2.1752131800654864,0
-13.749410976419984,-10.811242140032444,-5.858168641836148,0
-5.293561955620074,-7.3569005522712,2.761698571683005,0
-14.15661977452701,-10.03356663978308,-0.0740794833814479,0
-3.7817088129166345,-5.77932462508192,13.133362276676014,0
-9.629850518746863,-8.817532159814036,-4.603040525852737,0
6.285748145334036,-0.0539196685166194,12.322205412060583,0
-7.706886728924124,-4.898472717714663,14.681670952992018,0
-18.32704442896991,-12.359260463789086,-7.9531163247598755,0
-3.338663905068531,-4.605546441062442,7.582746551298252,0
0.0501927658677194,-4.96332918741001,1.781850766882254,0
-12.894501883526154,-9.543157562772578,2.08592277975458,0
-5.234102164798824,-10.23020012244836,0.6998969419249903,0
-9.445253030716527,-4.833527962723418,9.976103721913615,0
-4.9797556915766,-8.743004039549621,7.076609785514695,0
-2.4846600313440974,-5.447972489675969,8.213636442672936,0
-1.3782917914187909,-6.27286388540959,12.658300432205213,0
-6.890361383798179,-5.376985143193709,1.0613252374458204,0
-2.868266232579188,0.1960774756156933,14.812851343051962,0
1.5907512335641467,-2.269262678030932,6.613660890685085,0
-9.902556965269762,-4.458295804738452,7.049794611621687,0
-8.673540592848237,-10.340766514169626,-6.574671617755808,0
-13.52037945825142,-5.159049564031555,-0.3136983117662471,0
-3.698140408621508,-7.628286239313223,4.547122571531855,0
2.60878928195031,-6.125619483613727,4.687972853352438,0
-11.516779638308869,-2.546752250450064,9.856864052872952,0
-7.523137005484136,-11.156770286302766,-3.97792739576024,0
-10.12303166294301,-6.36381712363127,12.464133194217467,0
-1.3911949333907216,-3.835276137701962,2.348055340449727,0
-12.27375105859664,-8.793570620638333,5.006121991764732,0
0.3294643054739312,-8.430042007168531,3.8594629633691566,0
3.4585112864057024,-6.065198466263731,8.493638232319245,0
-4.855014812194485,-3.52811527595867,15.825687472308928,0
3.126869765385676,-6.270126920540197,2.188672669123708,0
-4.763898212757935,-6.3929359308217215,5.177924339691071,0
-5.628182244955445,-6.714336300320099,-0.7612345986177775,0
-11.440894985028358,-7.754947098143698,2.9050826394589206,0
-9.422779409245706,-10.022815324403116,2.8635169475639923,0
-5.998071057951589,-11.429355887257223,-2.192606265960713,0
-3.412859342060733,-11.056689576654158,-1.9935371487427036,0
-9.721167523865637,-7.779090962748948,1.095114118649782,0
-6.815849192763068,-5.337804988348948,7.997260489001958,0
-12.05800043287325,-9.1592783493157,-7.775312218368326,0
-2.9441149116971257,-6.79661420400554,5.414807079685772,0
0.3338834890776212,-2.15127230919468,10.50624517526072,0
-9.24441251488362,-9.594963436075238,-8.301825417870942,0
3.798670305398861,-2.2273409240010453,17.5608885908228,0
-6.196934980342666,-3.69172284464115,1.460438769669552,0
-5.839179855115676,-4.261648968846594,-1.6379078490791263,0
-12.32370639349324,-12.36044428617712,-7.479578739905785,0
-10.224785511752206,-5.7882970465270525,6.864992670563254,0
-9.09973228125194,-8.434045929801592,10.723443090623974,0
-5.784478578676473,-8.143335794171447,-4.39673589971188,0
-5.097813773291613,-7.727934922548842,-8.023389712521615,0
-9.223807594131966,-4.767891190222997,2.8790361013258474,0
-3.918425978656928,-8.724769077997902,7.653705534121181,0
-0.9881023023266886,-3.612379806607072,13.290957970132297,0
-10.944181625420187,-2.5952914232549382,18.082577196939795,0
-9.0744115528082,-4.541431119119617,5.361882451735848,0
2.581372092883555,-1.7774081563692796,10.036353415324598,0
-10.201809922021084,-9.810315490037588,5.512436511661615,0
-6.8583162544502745,-6.66128608148059,7.352247416848343,0
-1.4079693076924693,-6.920444629764471,10.597854756233527,0
-10.272417459687812,-5.166090205990916,4.985134310930732,0
-1.8513474598887452,-3.672049874767063,4.701011164641165,0
-9.273735291068377,-9.713048650390874,-0.9624682516021243,0
-16.73224672425438,-8.775746080867407,0.4696389043541122,0
0.1530642097574839,-4.46377946220897,11.967837306439478,0
-7.244876490445083,-5.076950530247861,4.383915313677781,0
-21.38422722142744,-9.305481340097666,3.5025056230920653,0
-10.12941472706163,-8.135618247202228,-2.396356294777247,0
6.097608876330099,-1.369127308033535,7.648439620107446,0
-4.976564662009705,-6.680152663357787,12.430730744571022,0
-8.31883240586193,-9.731318097801491,-4.311903833444204,0
-0.8761799922898117,-8.491881751250434,-3.8302759078931223,0
-3.4042009121826897,-10.252114921828396,11.605880930247082,0
3.15364161582659,-8.798423784426145,-0.3435149616904658,0
-6.508815550311272,-7.120815137454043,2.334101801882614,0
-4.338526734645745,-4.832877796396748,9.000172152795848,0
-3.5714826470757237,-2.810260732392133,5.504272036857553,0
-5.89823386046981,-9.1717551754647,3.4153584793415845,0
-0.6223521093491167,-7.802445354384577,7.495903847802882,0
-0.2302513356653932,-6.775376167045618,9.736065083393765,0
-2.1479599401489406,-6.907337606352788,8.23891191751238,0
-14.90063055483264,-9.097234024706768,5.098014876792902,0
-5.440041132077922,-6.280529876888783,3.3112061544673925,0
-6.845413396255899,-13.748636441823528,6.071378612159227,0
2.908157910888756,-3.49418773610244,11.878306289861095,0
0.0061548639758175,-6.266973155280967,-0.0116129285534842,0
-1.0577066201468162,-3.7627094256999376,8.37110938263582,0
-0.909672081330192,-3.387249909954413,16.759018023691063,0
-1.7861049398254885,-5.263009484220044,-4.2097408723534695,0
-12.856714018695165,-3.7809912493636233,12.864876680020664,0
-11.59543764817816,-8.206554169433643,7.215261262497448,0
-2.8680924282173184,-5.745989333354286,4.103103045159291,0
-6.6844695282344855,-4.577862270279358,4.9500092269317575,0
-1.669335639318013,-8.936023662213067,0.2793473542255809,0
-9.60074195947453,-11.2555916070989,6.626057137773093,0
-1.4494994308312013,-10.037882150199932,6.982516311268647,0
-16.40965674855284,-11.180722370619788,0.1151510024831523,0
-15.903674099741211,-10.872197788825764,-3.364233632863274,0
0.6297261339770639,-3.612449128530572,3.822424522332343,0
4.58445284337278,-8.697432804027764,6.507140954591333,0
-11.546788244777924,-7.637756618105128,9.429520138963852,0
-12.517132913468144,-5.553310675322252,5.356977698874466,0
-2.9665411377259145,1.3405470070135903,11.541715593895391,0
-3.5746186243683247,-5.827692807178693,15.831042815008344,0
-6.397403445475846,-9.749852920469255,10.68589393888856,0
-10.251586478154536,-4.742567934017157,8.404127183229697,0
-1.1033991997159711,-6.458269576275729,4.5062237887386285,0
-5.85631180372401,-5.881116376069139,11.05750914730671,0
-5.328571305901541,-11.639816780688538,1.9073629113672448,0
-8.021278307853816,-7.759478419534383,10.591689076792903,0
-14.167230800312652,-9.926641891716562,-1.205307394950963,0
-3.471073416080168,-5.224611072246909,0.4358465104055922,0
-5.112033950230372,-10.891966631540091,5.578802722204641,0
-10.752312349559332,-7.453132601744508,-4.38326607762273,0
-8.485995769533721,-5.392841802921192,9.36659115458803,0
-9.019413246369716,-2.891273461443044,4.407366810542511,0
2.05578126101878,-4.2211994965706605,10.25510414600188,0
-3.9018177729629167,-4.518821345650484,12.538625481597965,0
-3.802998972371782,-3.601423034709227,10.9196375284435,0
3.1984951980007192,-5.844010986240459,-0.0787971965903153,0
-12.76889576179602,-8.934690412247738,-0.400394174760593,0
0.4889052818629622,0.8454074137713841,6.722632588205675,0
-11.961676314305084,-11.390742037734071,2.8535576935641744,0
-2.852450129966557,-7.131559464785882,12.83127640846016,0
-11.631130456708018,-10.874463840063,-0.1379376454484271,0
-6.816715213768975,-9.438096258240815,2.977369252170379,0
-3.9941007460185074,-5.982013752767212,5.452307645393132,0
-1.5128022283949925,-5.184792873137971,0.0097904277679088,0
-8.531003282184928,-7.407184687531366,6.00998227770198,0
-5.107881789396052,-9.62298901741761,6.364107138663492,0
5.118179429812686,-4.1611996034002665,8.317538198958985,0
-5.118463993155981,-3.567471032287944,6.813493634866029,0
4.340435413222727,-7.0257880552193175,6.0720331343666345,0
-5.283048353221965,-6.0609441425839785,7.944464520884319,0
-16.551216740663897,-10.204463077956834,5.262518581526422,0
-5.859170495802359,-9.866130635024415,-3.01878668823041,0
-5.25611411006315,-7.383259095632226,6.075080047069807,0
-6.492340267808101,-11.089551863150495,1.3662618829802056,0
-9.032839625720468,-12.178638186312217,-12.829625892109984,0
-11.9070516768867,-7.595189548345708,-0.9326710204427328,0
-1.582462664601418,-13.173121794547626,-0.2375867047992201,0
-6.436339079653257,-2.1123868401069643,9.51928802379227,0
1.5959893896252852,-5.0542063802894885,11.69638629713845,0
-7.394465252810851,-6.19117048148327,1.8186192891382391,0
-8.63809070631371,-6.690801017936422,7.1175873480733625,0
-17.823915372065084,-8.979821466322148,-4.370774238697582,0
-13.108848246346389,-6.912674652762098,14.46559366617374,0
-3.786578531231744,-7.129994513490197,2.299867085202516,0
-4.084470719737982,-6.6876021506469945,10.664655240211893,0
-7.168459052147678,-10.109927076865134,-0.3932281945462694,0
4.817253238687147,-1.4261044897735609,15.532045039107247,0
-8.995397432758214,-9.435826409054856,8.498527869087843,0
-9.649824942608364,-11.127943898163416,0.1911185973008082,0
-6.997441915905518,-8.48515347196194,-3.0411759297808487,0
-12.486971440502325,-6.141585181735673,2.3218323017816496,0
1.9476792851790528,-4.976773598464227,7.154740393736928,0
-14.618648915873592,-12.442690341264417,-7.38742215104287,0
-7.4549061354566595,-13.074369461009958,-2.411271629436772,0
-0.3994636449801572,-2.3358010320604787,2.1345643313001865,0
-5.709150295618633,-11.319352902628603,-7.411501575148717,0
-6.9681614811344055,-7.260613181250715,3.0325932870503336,0
-8.93664012086428,-2.1916844497332626,13.857475307367311,0
-4.745339636651589,-7.347037269862094,8.330939301805582,0
-13.075071440410465,-11.853514808414124,7.7879340074824,0
-12.398157307094996,-9.753429401860274,3.525407155588693,0
1.5037494655782755,-1.5342748740953196,16.241846716049015,0
-5.61255880069734,-3.504977550574203,9.369067534502094,0
-5.854485572475104,-4.771673578958542,11.48532059166952,0
-8.113777408700734,-9.26996310772858,0.008810563699896,0
0.1705309728770725,-9.90171807267549,8.222825615091068,0
1.7338077824862337,-5.393300275861176,7.988060656013914,0
-8.98382172971907,-2.218259474591976,6.478259078048283,0
-0.19232895687243,-6.438373554175387,1.7959178347308633,0
-10.243301982086978,-3.776672195674146,11.70371029808665,0
-2.533301186351835,-4.214693665794624,9.468084862376104,0
-13.517140627335682,-9.790828188106778,4.199877024106071,0
3.9658874766990015,-4.124553255036551,-3.2117356235629053,0
-4.06684307253811,-1.0242018964077315,12.385561290442666,0
-13.499290963750202,-7.039517706798396,1.272150865275509,0
-7.355824613172,-5.827892618894819,9.603135034861696,0
-8.320076368515346,-8.023053077838341,-2.703107881768588,0
-15.410640198090324,-13.67837940585202,4.956285528543926,0
-3.5823414134948286,-7.433897973305439,-3.812258368568848,0
-0.0945041713717742,-8.404392993088857,6.183461788508724,0
-3.20737765693596,-10.340115522416466,3.213432095226672,0
-2.981294739111535,-2.56962698897728,1.2185485503641829,0
-11.424602851981446,-5.780793784370214,3.1555788322886738,0
0.6284687782769218,-6.31886334617253,10.628860317312355,0
-0.3097100946828712,0.7436823895978844,19.431002507963623,0
-8.69527674639335,-8.389465495321891,2.992046785110826,0
-12.806791707125903,-9.486188495506024,6.097902737742052,0
-4.755527474653117,-8.014549805937284,13.221960317621718,0
-7.3123263267786145,-10.4587630447497,-1.727061051557019,0
-13.378034362775434,-8.40082496248158,-2.349349917329982,0
-6.547647361966128,-6.606289594308615,3.949241936294888,0
-3.324958335454673,-5.711541083559087,6.767661004590588,0
-3.625666454671899,-8.428077738641607,1.1958869947364228,0
-12.002275171935336,-8.437632527200035,-5.773932442412296,0
-9.66671881953072,-6.755181101373767,2.4168904984718584,0
-15.379771034183264,-7.86440143462543,9.196795679258072,0
2.563073534845012,-4.281405352118897,4.889788172879809,0
-0.8427030118047485,-5.423576803396516,2.97142707282763,0
-7.847374151398077,-7.606317374951326,6.9072619131521,0
-3.279133185295681,-7.006523046567128,9.703061986208848,0
-15.11223625471713,-9.24056226346546,1.4025659649094329,0
-18.99454672491977,-10.9668824533976,-2.317472890100758,0
-6.789665665934914,-8.90529148196002,7.274023957086103,0
-2.0265976959099987,-5.293227619227364,9.423141257732318,0
-9.119514302443678,-11.593271062747077,-4.445964739988824,0
0.2110482099803423,-7.313607883394376,18.429577417593155,0
-1.128584530883768,-3.949695776736227,6.327680715076191,0
-8.066666750409402,-8.94347605993245,3.5892266960854573,0
-4.0141622696458805,-8.328056093939928,0.192197007897823,0
-2.692886818473926,-3.579072629429331,14.279429360917002,0
-3.5684092658396573,-5.844263220463073,8.89334831266772,0
-0.790098121718172,-5.504754408442624,11.584675174759663,0
1.6522740273017211,-6.178671687330324,14.42309052777082,0
-7.825661081671966,-7.877994554576986,5.577347649946171,0
-0.9546744914707536,-9.125794275985442,2.5155563908039,0
-21.22099913864052,-8.184035628476085,-1.998905979431328,0
-3.73808759372665,-7.62470643692276,5.823441456758771,0
-6.964661984036697,-12.29014881151582,4.3589780868686825,0
-7.053045960637639,-6.052291637005426,12.643148941067809,0
2.42044833040916,-8.045990709213678,2.9786795969886053,0
0.4990295677781127,-4.188381092021212,9.457946508888949,0
-5.698546999003604,-10.584305955741328,8.19839542488048,0
-8.28673074021437,-12.452207534176102,2.440733428259132,0
-5.512835334168415,-8.406305202602706,9.098434302203382,0
-3.3616635230516474,-1.2036498364820911,4.416068137899723,0
-6.773415868515468,-11.283642410163376,4.05733114061449,0
-7.625318319652891,-7.348596639730053,0.1708084188915828,0
-2.5560165687235408,-8.246499632284747,8.127845018016355,0
-11.395698383881092,-12.31326024247474,4.232343698061949,0
-15.282686128108343,-12.216972163221048,-13.343682600390288,0
-4.5754962872253415,-9.13829509293518,-4.553108126566993,0
-4.924216367636086,-4.502604243331626,9.963771560133324,0
4.722098903330743,-8.092063718053627,10.500055868056863,0
-3.1668747721639567,-6.72985170850055,3.3401588207685524,0
-8.140188785258527,-4.840337818552603,0.2406530007691687,0
2.0093953470980743,-4.721371144139565,17.383889173141412,0
-2.4143956548819228,-5.888092565365991,4.752668887361796,0
-3.329045377419582,-5.267390448510451,10.832188504346348,0
-10.596544380728432,-12.689119370170332,-9.023575331964752,0
-13.88033038497563,-5.870505580080309,-5.122680075070381,0
-4.39686138203116,-10.1207213817763,5.346834176303443,0
-15.54382417915737,-10.504585008370348,-10.539755046875715,0
-8.629689518208458,-1.3921390170619627,9.294216452141072,0
-15.23678448259774,-12.544208545206985,0.3078795639679335,0
1.787261529680788,-3.0589877790381257,8.46251559213348,0
-2.880880104007985,-6.31515655348642,0.8138924307268383,0
-11.184479423360392,-5.7519751294587405,9.148500833378357,0
4.819468108813551,-3.081131643632159,2.6236864738463144,0
-9.330344094084175,-8.110171549284505,5.287877925571928,0
-8.785215258316137,-6.208475095546671,2.96942434872013,0
7.211859216619588,-4.073414356511392,17.180508875375544,0
-4.448926237535937,-8.366154305436012,4.533242665707061,0
0.7481275183844867,-4.970798584145756,3.37042359432908,0
-13.554001755169496,-11.064613738686525,-3.269034737967998,0
-10.019905547365736,-6.581733642575092,-10.703074993618827,0
-13.265594391954943,-5.950427162777397,8.789108606634734,0
-8.528560264716274,-5.136617302214493,6.405874561271848,0
-7.643319235858597,-6.163111439481089,8.127628835275555,0
-5.364413590600154,-8.604552543761862,0.4730799688721969,0
-13.269920125444123,-2.717878945786228,8.14729660263842,0
-12.30041453425694,-8.822613359583352,1.0560183519652808,0
-5.774759955966512,-8.751962096707564,-1.3270722255251268,0
-1.4164619877360076,-2.8972060235527746,8.209642261439454,0
-5.528708049627864,-6.294045730672926,2.229278992738295,0
-2.84102647708973,-7.078088866022993,3.8163425635838,0
-6.714991692934341,-8.303925931138888,-5.21416673563461,0
-2.541487795702281,-8.012293606599972,1.100124682903607,0
-11.794546807909333,-6.471400356639812,5.016221983207865,0
-9.642052482766356,-7.138050431812678,3.810804530426967,0
-10.210749591357024,-7.237504782095651,4.836479024572318,0
-10.329206108965003,-6.004192293211966,11.397969897113882,0
6.569933779183282,-0.4414366349783245,18.221358258036297,0
-2.773561251972641,-2.901147248770881,10.764751961357115,0
-5.790541421646118,-8.314812282833174,5.966150724848667,0
-5.473211092769256,-5.001420809253764,4.93641469767736,0
-19.22451574766797,-13.38202536168933,-1.2550556525792986,0
3.832577693115972,-3.497630323608319,13.889552574417056,0
-9.073763618630965,-6.827670679563592,7.73942273894138,0
-11.466648730270606,-10.591700718760247,9.433980030639711,0
-5.580431226451944,-5.623644119507169,0.4170428518688691,0
-10.716798739571582,-10.115281433358891,-2.648094923021164,0
-18.107914002171093,-8.150066596708353,3.376606724629958,0
-4.454688652377861,-4.314784653150532,0.7687247387912528,0
1.012770507271365,-10.274786450648502,-2.3531307589800257,0
-7.694250357453425,-5.779558196522661,-0.3673242395178286,0
-4.356646386367692,-6.499784057603304,7.04264577498482,0
-0.254097018073895,-6.795810447683472,13.54314556924882,0
-13.863665604838651,-13.188680143380193,-3.087731439869863,0
-9.85853218240156,-5.78327520103192,-0.3678633631942913,0
-0.6254643076102813,-4.901185666298857,7.871285294331199,0
-9.067048264204669,-8.082553132795223,4.502008234777193,0
-5.661737952444133,-5.778426602822303,5.701288304661137,0
-7.46664477233778,-10.445857505092494,-2.874956261712117,0
-13.363731873909664,-7.43558239664848,6.235197123247422,0
-12.205997884864791,-10.534649278350624,-6.557156175537262,0
-8.53267440551017,-11.175335993934652,1.5244660604797495,0
-15.804744446629403,-6.803241568375315,-0.2628786952309729,0
0.2643941833310945,-4.944910677266401,6.635976190088805,0
-12.541720581585157,-7.406542508941973,16.715536868739925,0
-14.838130551531718,-9.989281469487697,6.7510734203626726,0
-11.739142924428652,-4.3415366180922,7.501033868074234,0
-11.728642445571644,-8.886319865102958,9.04892667224603,0
-6.482504373032866,-4.792136255437713,8.695135783003224,0
-2.9166998867074136,-8.461919279136199,-2.144100372222088,0
-4.3404978295863526,-4.985549464125191,2.413533209781751,0
-9.406061979920286,-10.066210139174576,4.895797325454097,0
6.657616646426078,-4.317077131035568,6.537837880045199,0
6.582344257226014,-5.876572073208905,10.595208362328089,0
-5.669053372065351,-3.5616133584706584,5.252142173348078,0
-4.273394337718987,-2.7632181084036587,7.898429220488873,0
-6.754221294254255,-8.095749198844155,-0.6357723555477346,0
-11.068372407851436,-12.22088927053693,-2.201488140870272,0
-8.06214654192997,-7.78074903548579,4.034565596866683,0
-8.365200360186476,-6.58800046438494,1.042203391093595,0
-2.546391006909773,-8.847219348273555,6.391008483484725,0
-11.129172430210907,-7.800852206752995,-0.8575759805416405,0
-5.477428305912842,-6.685391707121226,4.288515116214931,0
-1.599977038911442,-7.236581900162475,3.2862656004592408,0
-15.440890925717772,-6.038297816333801,2.232391461398378,0
-5.244744184834688,-5.365973732616046,7.072584208816559,0
-5.849363790289582,-8.58990675034226,2.118165048702371,0
-0.7633258395840086,-8.29301616932102,5.101921851701456,0
-1.2860456381723724,-9.585782104122806,4.003257554957058,0
-4.434459980896229,-6.390231616157797,-0.6829781213227522,0
-7.558926903336149,-6.10550379765226,4.526526455894604,0
-10.525783506528606,-6.70345634823994,6.237578995104897,0
-6.452982745493258,-7.846841132932989,5.393593546013234,0
-3.5174537264372696,-1.4762343467749837,18.9646400197476,0
-0.7659289029225045,-2.4388270247967254,14.602074679156065,0
0.120496994316027,-4.839343691071463,13.556896015158568,0
4.338962650164909,2.346239212771689,16.340070150659038,0
-2.651409801050156,-7.465775167188634,10.314794706876242,0
-14.80515004733038,-7.910841699990009,4.272205528770709,0
-11.699258579818522,-8.79454333166569,12.356972497448025,0
-8.314142347758636,-14.612680282188196,-1.2380349717000652,0
-6.621401506482655,-1.6145413963528013,11.575732540405266,0
-10.771703659780927,-6.323179672093845,3.657619655982044,0
-3.684496666165796,-0.3950840684722534,8.35907488807463,0
-9.808510696263255,-11.200906959465838,-1.8529532366162045,0
-4.278944812354757,-5.582446490681591,-2.107908410399572,0
-14.470007137532034,-8.579687204346747,0.9067040878318152,0
-2.386737968664045,-8.837803856722395,2.2486730361743867,0
-2.030125750295587,-4.600851222466259,4.408684814294187,0
-5.957245742572571,-5.119432677588805,14.68269350018681,0
-8.940353251380882,-7.810710452033299,1.4069961303089298,0
-8.763332361530338,-7.036573110218084,11.818707019088524,0
-2.523767330215776,-6.632653368538161,-2.347756312757472,0
-10.135684511787762,-8.432821476247513,1.85167921656575,0
-4.498045013940196,-8.009731835640025,-1.534421279625099,0
3.477554789759173,-3.982028642708996,8.299266500812918,0
0.9851354215262732,-6.025529758338895,4.624305042776276,0
-5.74474171469089,-2.475363369126909,10.440882488702997,0
-2.148868472517786,-7.247212217203557,5.575000385769564,0
-8.083779563564708,-6.025442701029029,5.271535487421747,0
-6.1864196325272935,-5.198688323455688,6.652453755774296,0
-0.1395821809300725,-6.981663713570899,11.209225063451443,0
-5.388974160093948,-8.323288833969997,9.932453405878327,0
-11.71616683671384,-11.064541174679004,1.856439013071712,0
-15.255480919936732,-9.336753003043173,-5.5301212273851785,0
-6.494647664608466,-9.26877476469703,4.502797906137281,0
-12.396075590600317,-7.41205037240568,8.359825773151886,0
-2.7638532349074314,-9.050809627804218,-1.1851715090796304,0
-3.4241717784066044,-6.636723693354354,7.473507749861162,0
0.6610378431963433,-7.30792045089972,7.004809101850765,0
-10.227267505081286,-9.403974613395896,3.115934965806153,0
-6.386204634162435,-10.81002092303382,11.80172118942796,0
-4.996730769118043,-7.754262881809158,2.064945971122192,0
-2.877758278484319,-5.54399551169983,11.65839133395524,0
-0.8499484302473723,-1.6409552864187242,10.314257952987662,0
-6.124953138197295,-7.390946599935159,8.070498638419913,0
-20.425030411607345,-11.168614225401644,-4.044486737827015,0
-8.674964381743802,-7.866627158126461,-0.6612218575517907,0
-2.6209041470215424,-3.80627038708424,7.616424434462176,0
-3.695963463545057,-7.499550636342369,7.474580997974442,0
-4.252000344177839,-6.233998788278509,2.4993547328306605,0
0.6446365340526476,-4.945864636124885,10.97236384763382,0
-1.6734362610542286,-7.612030840025226,-0.2508904483418108,0
-8.944657248508635,-11.318428734122303,3.663057665716458,0
-1.169382488031227,-6.172080889353618,8.306132683373962,0
-10.891701498227947,-9.629359280305705,-0.3289100585054045,0
-7.769227085136238,-4.407088834653804,11.204294502596326,0
-7.470167506199614,-9.656528948484542,4.236906750038703,0
-10.24336826281993,-13.701733112915624,7.213306495171899,0
-1.3979361937425514,-10.81803386548611,-0.478091472173662,0
-4.403736587665403,-7.712817255342864,3.1819018589870853,0
-12.69062797695037,-10.531441673106771,-0.9318887031129997,0
-5.430586024985763,-7.7916487500192275,11.057608016380252,0
-9.781025950634929,-8.794295671237274,3.960023904463648,0
-0.4890507456158994,-1.0324535277708868,13.493248211545133,0
-7.08462812117738,-8.97484201081676,1.284382778736659,0
-0.8354312951962024,-4.958839100157394,5.767281983065816,0
-8.097807028842553,-3.050930584571473,6.334581653000478,0
-12.76798012937147,-9.208655009145993,-3.0126261275793453,0
-4.719773240132032,-7.361271695961253,6.941043999271143,0
-10.06433722307599,-8.558399059126552,9.364031968441909,0
-6.496002021516657,-7.279926476295641,6.721373456713369,0
-7.987153780946727,-6.1767327147264925,3.4832939125531617,0
-7.719295624570146,-3.673765922073658,4.406129520093352,0
-3.9229798901883535,-3.2731295927820767,12.71911490290983,0
-12.014428949999598,-10.09863530327445,2.2839358809984724,0
-5.1923760153202645,-9.787838591098986,3.0468321185486005,0
-0.9003950140536405,-10.726774503628022,5.678839456888671,0
-8.27809706433013,-3.9809896176587913,2.07562141860114,0
4.171808773911133,-3.602856672638801,10.509962874314592,0
-8.615343384549531,-6.2973057646558175,8.651722206350158,0
-1.2861176156535985,-5.686091357679479,1.78833697190904,0
-18.23065061467647,-10.039517907885072,-0.1989861161599782,0
-9.786498758875116,-6.874517011686468,1.257103420390627,0
-0.1974656822150953,0.0947163458486857,21.285695532235607,0
-0.0175007583438784,-7.17140538235351,4.918157294301191,0
-13.54026214921673,-10.124795264370595,-4.668913009807666,0
-2.085625143360741,-6.081859893734063,7.062563497521377,0
-7.540400750085763,-7.676875339582717,2.192434252727246,0
-1.605184466190669,-9.982518786552667,-2.9205884829995465,0
-17.83225749376589,-10.525956775592912,2.336135333983946,0
0.6140608217754915,-9.181492222319688,1.552609289992751,0
-6.580835021388446,-6.38007085209484,8.50167190299357,0
-13.293811194768423,-5.915366569687096,2.7137319281781545,0
-3.884524205266449,-3.1790300294641325,9.764439059351613,0
-16.854911579437292,-13.305961666673104,-10.60791187850923,0
9.41925203697799,-4.578923200828345,12.019762218795,0
5.331208833471919,-3.4423532720255245,12.871943758397768,0
-15.467541999921185,-10.133632249999348,-1.4518663307413302,0
-3.161521938296898,-3.083926186035704,15.62701354300521,0
-3.522904389896547,-4.133916287371573,2.232245160448397,0
-0.9053793999550788,-2.854370954054276,-1.3790337779141917,0
4.479054187872601,-6.218244405462752,11.90022451151206,0
-3.985421796717712,-5.344637924695334,3.6925731680158895,0
-5.714150250521817,-5.583836496822967,8.876171459800123,0
-12.940584197676005,-8.087584866563487,-9.752946099279512,0
-0.5652902114774667,-6.391717774548532,5.847084989659642,0
-6.362852619375774,-1.43492176194772,14.388515709218186,0
-0.429250704447071,-3.7633305269597184,11.442837939577185,0
-6.203384727062708,-6.57960524085551,1.5109395574301123,0
-7.081692989542605,-6.957262360669095,-2.980630416307873,0
0.3439472460559409,-3.627136284411438,15.18585893205526,0
5.754600667124837,-1.896441331898158,15.506186802994662,0
-9.933806290463105,-6.771284268620093,9.240600481238854,0
-10.081815881666184,-10.18795664523016,1.9196727747008988,0
-9.498163783383898,-6.990073253816581,16.142812418581904,0
-2.5211519915090985,-4.301441023721425,2.1724744546948016,0
-6.842857201492723,-3.3608656115736903,8.713629408160735,0
-11.690522331720066,-9.854429293512728,4.504797009010725,0
-8.565583409902313,-6.990805357796575,-5.854844297294802,0
-14.538974078037423,-9.258578544370728,10.1584425756236,0
-8.468183115295492,-6.1511571636940445,-2.147944253816221,0
-9.310558191678131,-3.15882566894228,8.252855087911176,0
-5.68507155343706,-4.471702398536274,6.181178192737935,0
-8.801935822717791,-10.393955351829655,6.94773572788904,0
-1.5373023234815388,-9.768821849927654,13.359989493031184,0
-6.455160140790637,-8.158245034407194,3.886849643172624,0
-9.97999816033282,-6.774063775428511,-4.374230336360666,0
8.995248713122631,2.0551964424447355,8.60296077823118,1
4.722584211824794,-0.5552684993685802,-2.0118238886658726,1
4.480402083453962,0.4146298984828112,-3.5504079419588344,1
11.269869644039913,-0.3169124761119599,4.647931092847272,1
7.603505954055076,1.2765507219946262,1.22991407402635,1
-0.520007268900188,-4.488276609617455,-2.135599434159797,1
14.354836121075367,3.1678730538920377,5.950139340951793,1
6.26639666965885,0.8402740997110874,-0.5472163262368965,1
7.254311254227243,-1.1193529543228038,0.1736551605615723,1
3.4830942616467047,-1.3311375662691802,-3.5154885573023047,1
5.926602459508128,-4.340175942025783,-3.57075750167449,1
5.862203748361394,2.534612455263701,2.383286680840417,1
3.5615559085742667,-2.2226986543527585,1.836925425345615,1
10.527235493728668,-0.3273780353219615,3.515689398008893,1
2.20720946547185,-0.5472326668301103,0.7507748408896066,1
7.54800329679931,-0.5617969824223928,-5.499906310868386,1
8.883347304518047,-0.4273978053113854,-9.668138772022123,1
4.472170067978023,0.8261723369908752,5.592565654805773,1
5.036250677008111,-1.9614047527763296,-5.471425647231686,1
5.82477600864925,-0.6622940708624165,-1.7923383784451234,1
9.175127444305744,2.421734695202859,-0.5286615802217436,1
7.64055450503225,2.6997262318871504,5.335119133041913,1
8.436274626453574,-0.1666709186596987,2.584014094505563,1
4.909612321089195,-1.4016955533303197,0.3131581273702657,1
11.237869270970007,-0.3973995185649641,0.7154870641729779,1
6.643406367861672,-3.280018114619395,-3.745122531070966,1
2.4694953145745275,2.15405506408906,8.31761504582523,1
8.231933474307658,0.7032356428246651,-4.787546618046221,1
8.17979481233113,0.3550314818766326,3.596580072202465,1
6.659398207064177,0.2632913482978622,1.0076301234443967,1
7.5902640031544015,2.2749082363873616,3.258006223899607,1
5.504365169296504,2.8516215551147406,5.996026403069743,1
10.007008441646908,1.6780303642103087,-4.05084232183984,1
11.982800756512663,0.6974679861316361,1.391777006023004,1
7.604098050624357,2.712045088658576,-3.347928299562572,1
1.8703314482598816,-1.566191377787423,-5.228496931307874,1
8.637713751245533,4.997446390010577,6.363419637663776,1
15.046860798645817,-0.9998979664050291,-6.494332994410947,1
10.595905135325266,0.5651818785745485,3.5510041159230443,1
7.413850493449523,-2.547846510815755,0.8738696466969569,1
11.052556297549785,0.632995734652074,5.891247157154214,1
-1.1434474739157494,-0.615018418857245,-7.339199388599216,1
14.704889305559014,1.9151737316035116,8.294000792189191,1
9.063273876698814,1.291194541696337,1.2877064928254347,1
-0.5563037314393569,-0.9507381929908924,-9.373352423761595,1
6.570893127923773,-2.5508680942293247,-4.368597690243346,1
12.769857830010618,3.616225243159182,12.759456222070424,1
11.39199568238138,-0.0625623551909959,-1.5159551600892465,1
5.484609427404778,-3.058431527958109,6.14798566322483,1
12.08867045720837,-1.1934630687328642,3.2842321638713456,1
3.633897243121341,-0.3543919107241093,-0.2653927834168115,1
4.728811324006308,-1.414606301051677,-7.740019597169523,1
3.874725326712945,-0.72185731018662,-4.232172065141364,1
0.0695250349586995,-7.587586795432212,-9.429129824518595,1
0.6944704095881145,-0.2151439829206298,-4.673736575400964,1
11.212042765888896,0.7253658153240294,-4.183237018885908,1
11.571724889057132,-0.3885497618310809,2.4949776988303034,1
8.819214050832315,2.230920406994064,-0.1606805471845281,1
8.010909083490906,2.385769207082351,7.893752581941328,1
6.974239890633744,-2.3189098751652035,-5.684173719592642,1
-0.6091155464717977,1.178706505638309,-0.3574359263485316,1
8.115951227441675,2.991702951721405,9.112190246869352,1
4.776812263900759,-1.5388300080672237,2.64834043241146,1
2.95010135241355,-0.992481103945231,-7.648767693387864,1
10.238595938310148,-2.632062297331065,2.218290347857997,1
10.81467672787464,0.5274904417448855,-5.0738794563669805,1
10.584418409993862,2.7774144332999606,1.192923208931932,1
7.234121834444418,1.2741151456630024,0.2392694383774459,1
1.0783209727403964,-3.344565407682768,-3.8028259791894654,1
1.0283634132293704,-4.445466043761692,-7.049605144259129,1
8.44846822598073,0.2850633529291182,-4.5848807162002245,1
9.727313688341413,-1.2720088426215015,1.3484844198701498,1
10.315127523693493,-0.8018503218005129,4.889153215215076,1
2.131276139047679,-1.1997650231012875,5.3459349835291805,1
8.7268897018941,1.3869397656041942,-0.0196980264971127,1
7.620268949784198,-1.0246984035156532,-1.2037956541934312,1
7.039998515607457,2.648478748441698,6.311587291711064,1
-1.0810504909591143,0.4552873315380548,-1.1173531579355778,1
7.187880209901134,-1.6918610301152188,-2.979634119842861,1
1.484993113181445,-1.6354951182897246,0.3708831542863859,1
13.2089266584099,0.4986012595848333,-1.4652276076596722,1
8.41718290206084,3.735844482826263,4.344619225357968,1
10.900040988228202,-3.232072058319898,2.3977734536769764,1
5.713973087020071,-0.7023503819725714,-4.121370158037121,1
12.715903709032771,-0.6367204332152262,-6.12900175662122,1
18.302423694710285,2.2596551170652024,-0.7288854130748635,1
0.2820147039184837,1.411050492392781,-2.473540435216577,1
9.278192457212194,-2.188088139012124,0.7309368537103536,1
5.025939444596481,-1.698960979215756,-9.068060978043732,1
10.988640149833204,-1.940250318253373,3.53526250066389,1
8.194838107647703,2.822795252631044,1.2674791231592593,1
12.06997690981198,1.1877235703917808,3.3065773720192237,1
6.849609418855617,-2.7225631166980246,-5.692623398941829,1
4.6027132025929625,-0.1586177947064897,4.092579514779684,1
11.544239875675586,-0.4177941411385319,-2.376284917035666,1
9.173028599825452,-0.9924291802261967,-2.7632747691154984,1
8.493023848383414,-1.3931877343096868,-5.363977950311318,1
3.1059493570420784,-2.632151768205886,1.010717641623912,1
11.49173173412374,0.9379506054779932,-1.3524465365875786,1
4.216158538204606,0.4761052682902367,5.1343135307354055,1
8.368982878422202,-2.177203522924973,-1.5417043426971446,1
5.603166136971832,-1.3598557933557611,1.2690879187222768,1
-1.1266948900843925,-0.961694290750956,-2.8685460806704577,1
10.280691231774949,-0.5178859298736352,-3.180554721502693,1
11.818368879529498,5.308009301611039,6.912385233300361,1
12.002740014391856,4.516935526699214,-1.3964971518962082,1
4.435319334071266,2.134575642642075,8.416715444782334,1
6.656517308395419,-3.169985512526427,-2.33619870489287,1
10.106909174201329,1.1262389375441626,2.951966529412552,1
4.096752610703694,0.0750399973089421,2.7621904340420858,1
12.493704738685448,-0.2684702715779571,-0.9404318053660172,1
14.015944601071944,1.7362068698211195,2.187069826273177,1
1.0871161154016225,-1.859882047009792,-1.8261289235100264,1
5.034111661800706,4.2379690896687,2.8460823462030653,1
-0.6502076509471628,-4.798403916388256,-10.4538087333335,1
3.535086175861794,-0.946441083441432,-0.9803396303816372,1
8.258986937468713,0.7668528040763435,1.4374893435443352,1
7.799611024642792,1.3958190437387077,-0.9633981069331012,1
10.266468354901916,-0.4414161431669439,-0.97673817573652,1
9.109072111837056,2.960947268134385,8.293153637270125,1
8.810122877894424,-0.755462996990169,-1.6968576766415624,1
8.629240856412641,-0.0118804479636224,3.062463602434593,1
11.932444409120386,3.025837489994258,5.83352029643666,1
9.662881219913656,-1.7222335258033772,-6.997613005437663,1
13.17006195004883,-0.2220229474219226,6.908930313146723,1
10.286553256817458,-1.7187873091837758,6.832392246015731,1
6.019167621633451,2.80053658103573,4.345766815044984,1
6.620979561440512,-0.3644573262174813,10.970475772374476,1
12.941780176630068,0.8200603054680111,0.4065938323676464,1
11.000378181549149,5.169442764009272,2.140883306469908,1
3.1179957962887945,2.068889629048933,-1.0846603472331662,1
2.5783123716084786,-2.132573706069047,-6.406188483185063,1
1.9577366335975936,0.7554868646393138,-1.340594378973626,1
18.36008786770155,6.445844527901193,8.596968292814358,1
-1.7292036119082042,-1.2418865078755332,-3.5314902802547867,1
10.65947650191703,-1.5413217985971857,0.0297205461480659,1
11.54915199327202,0.5450392583059374,-6.221559814118122,1
11.079529083671996,0.5203318054447688,5.159079171681901,1
13.562758487633882,0.523978489174744,-5.413931670767536,1
2.291211287999742,0.4263780129004995,-0.8749684237932276,1
1.4213224728317693,1.9366111390406435,-3.1003377626160824,1
-1.747078583010591,2.1260685961965686,2.8721059215770945,1
7.666061960267426,2.2775246170235706,3.637664160826921,1
5.453976465811771,-0.8917346869046586,-5.894288557127049,1
9.46063099288402,0.202837031823192,1.7406334709065094,1
9.617907495823482,0.5486024415994684,13.027953708383,1
9.836558980061143,-1.2709916344385903,-4.870243129809727,1
3.281030811487609,0.1322987715319519,1.3843525244447024,1
0.0201747435626469,-3.246626376503776,-13.936117934158194,1
9.790149370547836,2.572502622708811,-0.2755568598436781,1
2.9212323002724494,-0.5997274417696228,-7.156739934353017,1
8.24973726336238,1.2550901647870945,3.695428634646374,1
6.2622284524097225,0.584059615485061,-0.4682465348683032,1
-0.0056146400683729,-2.089643751010973,-2.068710946477451,1
4.359792423101949,0.3084901041563005,2.093956001388543,1
6.113536025035726,-2.795082291270256,-7.572952692078362,1
3.673730141091987,-1.159225654505605,-8.082591546699941,1
4.531696195921126,1.6652240612531382,-0.735594085571651,1
7.240811734252303,1.1370748670146338,3.510404531808046,1
3.595971118876457,0.7510575531172594,0.228555198615848,1
5.287356944796295,1.5352867652526276,2.623610408931304,1
10.837881157025407,0.5940725439829249,0.1582964445786358,1
2.709704578473062,0.1174254929986584,-5.073684340224601,1
11.594035604539418,-0.7943118622399532,2.3564615161379088,1
18.027383786935644,5.440735356617173,7.722898562414215,1
9.04550777092054,3.015897449969902,-1.71682775884471,1
7.369118644864978,2.575247071931977,7.500251174295322,1
9.827537458841997,1.6216819132811051,-3.861616822106689,1
10.048083910425577,4.139144601000623,7.599367767502964,1
3.127433965293129,-1.87701807989876,-1.3521412790270078,1
11.438990227393344,2.9648054715102745,5.930311022479574,1
13.668098411492842,1.4903581303703268,8.359239499220367,1
4.551130056185109,0.0009568789209111,-0.0492100243860329,1
2.432460942203826,-7.161887866484698,-12.08679850107718,1
4.837392241574998,0.3349014494165925,9.446130852971326,1
4.735585739592416,0.8576090223156343,-0.0815182488303847,1
-0.8239598016231993,-3.940924228232358,-11.868400866245134,1
2.110616754372733,-3.927388934349216,-5.642707251667571,1
10.29563995647563,2.5789274776550304,1.6618557244045753,1
-1.160362474031983,0.7004840588973427,-2.169343629611812,1
15.768435832986556,6.732995810972782,9.21547159531278,1
9.28890067841544,-1.2952786072111286,1.64367722507261,1
5.175155903368415,0.0462414659011139,3.7281753057243048,1
8.902178191637955,0.0791261766334272,-1.343331621609185,1
5.129589951844974,-0.0801071679453013,4.082128081450056,1
8.101088764425223,1.75113128927046,2.8989186675750784,1
7.21144556975493,2.354769526102748,-2.221281636101219,1
6.675371942963508,-1.4847851092120252,1.3241037052285294,1
13.931254526520508,3.193770977669569,5.190613353958711,1
10.74999168351819,2.679541829153476,2.115082001933497,1
7.212895923667939,0.5217800286434963,-1.8809875401828031,1
5.309222848605915,0.4980246324628741,-8.882447882761227,1
7.525537957871083,-4.859870740306596,-2.76840381523282,1
12.601171959010944,2.7528241727054623,-1.29781688451727,1
4.324243179324259,3.5860720523974567,5.3608678533760505,1
3.5290342192872366,-4.442527859946587,-0.96487624996641,1
6.178084518624688,-0.3028107513146806,0.9346533100923736,1
4.397911833635408,1.8820446677875888,5.29719043122467,1
2.5884342192421865,-1.1610906660513125,-3.409813132792129,1
4.699529974472046,0.1073373284328837,-0.5192988455506764,1
4.570173803303678,0.5989214253141489,-0.936083203654581,1
6.3454531644656855,5.098652345688344,5.695651158684313,1
1.965786074592761,-1.5700193188886546,-6.018532642091386,1
6.66369521505665,-2.2550817648261705,2.375462242218931,1
8.45179787120704,-1.7038149755771983,4.763148089282622,1
-1.92546392530679,-1.936689103753231,-9.044603422807404,1
10.859510904782397,-2.766337843430824,0.8187779706350292,1
2.557023814174295,-2.329807352210403,-0.0561291104481478,1
8.956074641412592,-0.553131605880625,4.151049563436925,1
10.847338836384234,1.8531209159372328,-0.2309722518377022,1
9.812984963702377,4.586421121334329,9.144757553934834,1
7.422241170593855,-0.8137092150882477,0.5241982246210571,1
6.305338758018806,0.728461587162756,-1.747544880626379,1
9.238432066190198,-1.044334672781571,1.9526203485132057,1
5.28728729019147,-1.0325716632377355,-3.430821206540477,1
4.212280867420324,-2.2549599126094315,0.514451534835087,1
11.110778550315128,-0.7475663866184188,2.1100760111337555,1
8.43414466972285,-0.6580114011655385,-2.104309790927508,1
10.45231087225854,1.3478806902395952,0.2669968622408349,1
5.197438712093044,0.7237150610710117,7.5875051304707375,1
4.579703148648216,-0.2844187394223738,-4.139896662305885,1
5.542041459399098,-3.935764585992053,-4.459048200951977,1
9.576591450626577,3.479017794381123,5.503203022640217,1
3.396172181251458,0.0047166636322982,0.7249980837100656,1
2.668337519254948,-2.536239040973054,3.2165207137908163,1
5.461713509121346,-1.5773846685114166,-5.746935119877016,1
6.4028443165930975,0.043316847068781,2.549176802928053,1
7.546181260447183,-0.3969966822344111,-0.0239840413803034,1
8.042723671130359,0.0795038690942915,8.619989922641636,1
7.413623202988877,-1.6528756732391707,-4.758180897552069,1
9.807737644375168,-0.4482625542808325,0.4990042531784581,1
6.074707246157852,2.059376155501994,2.5879262230580427,1
10.890055621876158,2.16962964779516,0.9261689335540292,1
12.01240755550251,-1.0392996035380526,-2.796400246661958,1
8.664994149924137,-0.4845964920347499,-1.11398858063747,1
15.22498048235622,2.2610576688289887,-2.6927289371737237,1
8.669367732859468,4.44853131785217,4.516748556570975,1
7.275589677046272,-1.544195344077918,-1.3352575391685295,1
8.686975448246255,3.4954232422076457,3.429259772384262,1
6.172059737703153,0.469601563925177,-0.0659758914529039,1
-5.297376041345226,-5.545428342444724,-9.200101548995905,1
2.1109610349897654,-1.9686921989487536,2.4570625687840866,1
8.969372270569238,0.4483162714223228,4.5249947480460895,1
2.722225917534244,-1.7273290261309822,1.2942627726842195,1
2.28189409359808,2.307748147703609,7.938986797380814,1
9.882143450253263,0.5256915700530334,4.287002770332611,1
6.251541892830189,3.6001139612494413,6.642594802836579,1
8.817167217827919,0.5657243958567835,1.8847606487050483,1
7.905661197042708,-4.091721029001874,-6.35500273120679,1
8.229586942735242,0.6321065419047074,-3.1579066362700554,1
4.115919647932679,-5.06961104636877,-6.201572930822899,1
15.284652005510395,2.23334057856677,-0.0282406941324583,1
12.473492214019686,0.9455087437902716,-2.605546132254944,1
7.607391917445236,1.2547691522371454,-2.33429955088476,1
13.27716582596018,5.169757640379112,10.566805265370222,1
8.449467761838845,-3.815984321242756,-0.4262648622761927,1
9.077483248081217,1.6428747270445758,-1.6203426151139269,1
9.925742714015662,-1.6360286346229944,0.6427624498966652,1
9.448763143635071,-0.3339255562405275,-3.989285567477241,1
12.476089869672126,1.6416251144832623,-5.206286626071019,1
12.52436455813843,0.7715279957031133,-1.0981576633489287,1
-1.4165446358326097,-3.2808269312094107,-5.7996585062637545,1
9.979510811028804,-1.033189723840162,-4.660466170052928,1
5.97528166576556,1.0676729538820495,-4.126067452557267,1
8.375939541791432,2.3281500873362404,-0.1816614529697275,1
9.347819850302104,-0.0065202848802182,-1.8972582751399936,1
6.364891664396719,1.143334166232681,-1.1978109649599034,1
15.92529940884046,1.9663939499422836,1.7339497557509993,1
8.257576995867504,1.356023261625603,7.632055067167486,1
11.832192542129064,4.610185787408669,-1.8197737709932045,1
5.609122100615658,-2.9039800207603315,-7.647844791991699,1
15.399647028865196,-1.4444850965435612,-1.5251315953277635,1
5.262003292983851,-1.274495620127877,-6.240883232774048,1
5.665133569987219,1.6414830381045702,1.321312774826321,1
0.1156704809361599,-4.259617736569016,-7.192517782115464,1
7.726177687013196,0.1957906638228598,4.098264876487759,1
1.8177553927137595,-0.5641380065969764,-1.995306807112526,1
9.258157661322048,3.924094910700864,3.186941027283523,1
5.85031186848742,0.8414029396972611,1.9339685781377156,1
11.111626704387518,-2.1377608805514616,0.3385526245155894,1
17.352904044983536,5.285928705285947,7.304736203563511,1
7.340109602844354,2.9821602532040004,-0.3578543145036039,1
3.3032321109484464,0.7326292817049866,4.394449040977176,1
19.35655142266667,5.903988946352423,7.496090316772866,1
7.950911400496283,-2.464304223284499,-7.375456216153854,1
16.716745122504122,0.774268410705973,4.400397464148018,1
8.178833513145888,-3.3120267732101274,-4.496527875663256,1
12.65247648087664,2.890418563869854,3.1828688883033087,1
4.901266317729981,0.1470034670320537,-0.9519348989347568,1
4.309814972683611,0.0032068903883272,2.758603633899224,1
4.938640421196778,0.4750875337860634,-7.664709058369523,1
6.949719807639584,-3.2364377428531808,-2.492135110421134,1
7.678974519183125,1.8933678781851455,0.8549020169159546,1
6.878766838130442,1.641332945104509,6.461563099249292,1
5.124574277199581,3.666067062300821,1.4968008560634585,1
10.555720513654228,2.165175844519648,0.3628929221824354,1
13.785759048063683,5.649657916869874,9.490507949756832,1
-1.735216363572432,-1.8914741418567065,-7.265052312618594,1
11.860719937895734,0.3682044704183428,-5.003902835438967,1
4.733944386159808,2.4903812245979697,-1.8939083219483812,1
4.971510754931003,0.1165742137690494,2.655372098270937,1
-1.0123539154883474,-3.528011873265819,-5.618723351109116,1
7.941789033952696,0.1311561927898765,1.3968867011402364,1
-5.93823797310862,-3.313524665224488,-1.766477245685616,1
6.381043867496667,-2.111788752898829,-12.38250696313287,1
12.363274839334462,-2.3580919814623877,-2.98366469842378,1
12.224600088654949,-0.3482197287384627,-3.2684527321576704,1
5.311673898871819,0.0111403392984033,-4.952091937555023,1
4.339138726528253,3.631789527177968,-0.3219519703213906,1
1.571725636824361,-5.35276269311588,-14.1998644762348,1
-1.9627341566954577,0.4251965505852635,0.4350872713834797,1
1.0292989709191849,-2.896680497504687,-1.3294745740449392,1
3.0801343301456594,0.4877082229282077,-3.035419106449269,1
9.555517700420918,2.9552072501158184,5.7954171175382125,1
4.623721034455548,-0.9699267257406594,-10.118666506158023,1
5.372589711353094,-0.5629548857331992,2.464842748888268,1
6.655396358737622,-0.0424950971532056,-9.526811336340009,1
1.942081425475088,-2.4233346283447688,-0.7156084169081,1
4.55344493048471,-2.594026854002401,-4.666627839428664,1
8.186709315039417,-0.6148168124814986,2.481570116349645,1
8.052779268559004,1.9001309649685847,5.149325480072294,1
12.123428755461596,2.007455474383372,2.870392412701734,1
14.003989932096363,1.6515953238757222,8.642523986394362,1
10.765272504876071,-1.764230815838022,0.3625349386788454,1
7.523147618601054,1.1513785626603497,-2.6258826559548725,1
4.6846658093524685,-1.91834644628294,-7.493795867699326,1
11.801161046142902,-0.908790687786277,4.933160014585845,1
6.115262470542111,-1.7489549960658994,-5.078745500249371,1
10.972896579014414,0.7484933295617375,-2.966391047536555,1
2.3332120090293182,-1.1830023946699697,-3.98501087643514,1
10.628982636905931,-0.4405521821741268,-4.7664783663738985,1
7.077496013097234,0.271466536805278,-5.905857516170564,1
1.5554876642223636,-3.604093436490614,-1.6956310228993514,1
10.16931390804621,-3.48541477985861,4.307149302286804,1
7.21940125397873,2.077686492086978,2.402359696622353,1
8.834829694236031,-0.6074598899979878,2.572999289160693,1
13.45372875188936,-0.5686097321937003,-1.7551057408853152,1
16.219177106561744,5.172159097925011,5.1444843573004615,1
10.234699211313307,-1.7615568748232118,-6.39725669976677,1
9.9469247774073,-0.1691501270222061,0.9148176723115954,1
5.649585136287541,2.381577034427389,-0.5104886822292655,1
6.4386666188817925,2.358213512920253,3.981542844946706,1
2.730629838535529,1.2486647151052257,-2.196704058427569,1
8.72256841202254,1.7370849274786022,0.2598739561172277,1
5.117891545152237,0.4973304336033963,-4.179445152419541,1
1.473625527181432,-1.5181734127634756,-0.435335626406496,1
5.10928093944432,-2.141544293445312,-7.989239277218968,1
3.940508427231336,0.6917552224401806,3.991205029388365,1
16.678513452678377,2.012054367958471,4.908493508902781,1
4.734216581929944,-0.6525205168071342,1.024176287390055,1
9.659531224341826,1.532435620666876,5.009827496971567,1
4.166702645288986,0.3864756496358511,1.473838041897096,1
12.781908952239029,2.5916731936131816,6.469170953192108,1
6.634020821360385,3.434667570300624,8.01140841472178,1
13.07815773571393,1.295739569767312,7.173216255084173,1
5.887276899173743,-1.401787018779774,-0.6921049913239162,1
4.78149274990625,-1.0467908241936246,-3.237365948336078,1
9.880429051032332,0.1411657208094665,-2.24574797654907,1
11.020328327949692,1.9962972201895963,5.23193406826907,1
6.714864543712516,-1.5896776215040194,-3.259757342340711,1
2.973105637278639,2.26263361375006,1.485274261822614,1
14.45770597417244,1.5826305790348023,2.7658646359504355,1
10.681649581015575,0.1006672303761322,6.455977639382603,1
3.7385094630886497,-1.7684971803754617,-4.609410889439398,1
6.2274275094715135,2.8221423280596163,7.194647725154642,1
1.0857653273007584,-2.911889256423808,-4.144838446953236,1
9.44078999944272,1.812063238633351,5.201346642636546,1
10.017830809614605,2.161306669678218,1.9133164759777128,1
13.35476942304129,0.4492349480063806,-5.528672464403232,1
8.626381310293267,1.9892632162810489,-4.96686334378454,1
6.7429599329032985,1.613602651578634,16.508622143328672,1
1.8941848857725656,-1.2588408803420994,-0.5215214803919258,1
8.218498235875586,1.2252440236613948,4.508055276676312,1
13.972006676868356,3.0240343878592264,8.061708043582428,1
2.647585326487904,-0.9585707743091486,-4.669611540898022,1
-0.1845726585837379,-3.230989853525356,0.4446946295545455,1
3.709332349671922,0.4829933100597047,1.8112595791095796,1
6.869088274086415,-0.7442953811080433,-1.18270485524894,1
5.486521695688184,-0.1583052266676785,1.028129725345715,1
8.357817133298754,-0.9352352702969824,2.109399479877848,1
10.53920735597741,3.1940981914126185,4.746924133681081,1
-1.8544977373454792,-2.89715052101049,-9.251000356282509,1
8.256918215780267,-0.1307438008161832,-2.6562530889995983,1
4.602794884932722,-0.1834233528795679,-4.794816929340544,1
-2.708329363117791,-1.7006496589834408,-4.145841334594258,1
13.6594433413211,2.5426539575768614,2.421856464550115,1
7.016042265575763,0.0233635663604089,-0.1374240303720858,1
5.510226125134418,-0.2802698034795587,-2.8276173319695856,1
14.48332336501178,-0.524946075708336,3.776286735576117,1
10.38538777048441,1.2128259505835697,1.7604788785152603,1
3.956389092108087,-1.7413738701329704,-2.9319584950956683,1
5.189886077734476,-5.837249083088973,1.567719634535987,1
13.473550828226774,0.8856184868462034,4.750735063374876,1
8.550771464780158,3.165609519466328,2.7411404080266264,1
7.207199712659689,-3.4958434230536564,-7.227651797708531,1
9.180186796769812,0.06679010543608,4.056233289466896,1
8.362930639087272,4.249758811693138,-1.147177950892814,1
10.616452673608284,3.445493675450924,13.091790778050656,1
-0.6420804665648578,-1.0907271941544985,-4.483714607246503,1
4.355190785238257,-2.01721052066774,-6.540486238460719,1
11.64001411197494,0.568100113054538,-4.290208791496845,1
8.42192676759619,-0.5718770528672174,0.7248598745793229,1
10.099084192303833,3.5127297947954217,2.994886732860981,1
15.447360470857108,-3.3056849251055604,-4.452084491858249,1
3.856878669175089,-1.290878717099338,3.837177790377988,1
5.299421182718928,-1.016336459945966,-0.7452874052339438,1
11.755632091203848,4.399261489117833,11.276216191596664,1
1.5962276472604486,-2.1928305402728863,-4.437435776726694,1
7.314640909681255,-2.427131491550738,-1.2872763086744976,1
5.103461113411195,-0.760626378306995,6.043174425052839,1
6.90473274128364,0.4170910504979359,2.6858454602495647,1
9.232119783774223,-1.982734940016204,-1.0500765577170883,1
6.830713755134222,1.689096903079855,-4.97843427393472,1
4.2914265800853295,-4.047004486538887,-6.285902727132527,1
12.634201655537254,3.199724373844921,6.529343875411863,1
12.85983120217924,-0.5869692626364909,-2.581316953762121,1
8.693001186120416,-4.298984574722935,-3.4762248099868547,1
8.184326377787151,-3.9129324406826345,-3.100452353066672,1
8.619172415856838,-0.1275259710022602,4.272644698653741,1
14.55428160356077,7.869387438664026,1.7510040497403367,1
11.435732920808237,6.287071725212519,3.322515567206973,1
7.310241599036237,0.5022256870049457,-6.003441346247912,1
7.335605914204312,-1.6807124546889785,0.5287299472699245,1
5.997115967510523,1.0543474533545245,9.80425571729636,1
11.522805504780996,4.556319684396829,1.8870327487624283,1
8.3596795342496,1.9012034042299597,5.2874671085563785,1
7.760154531735003,-2.7768804987926115,-4.2980502619002605,1
5.841863587376895,-0.0011108818386597,1.6575431201813178,1
15.829038230194728,3.2454917956807963,-2.2922791928721296,1
5.453292169039871,-0.2125136652913432,3.4774120424613586,1
10.27800447515397,3.069025940975769,-7.862629208465686,1
12.98453023815056,0.7178864038311715,1.3077523147144126,1
11.491815963935746,1.8678222363381656,3.1206432292836,1
2.389035637591035,-4.028946599602146,-3.164762450358068,1
6.486243193796577,-1.1480350321209762,-6.152947929114927,1
12.278670749641613,4.451536042825026,-1.3938943031103757,1
6.100239928667386,-0.2243977355113752,4.355638094142754,1
-2.571772838555738,-3.617667407737278,-6.976613770088485,1
6.961793829402814,-1.8737209312050576,-2.4051696632540187,1
6.384160140764558,-1.0411882112382211,-2.5795656367299262,1
5.570199946437962,3.904956851226023,-2.551453549248317,1
8.179986554859946,-0.0929646760609661,-0.9942636836042092,1
3.6242772736592737,1.2748394579163254,-0.7618665346261386,1
8.741712197851472,-3.569751333110142,-4.235146839296117,1
3.8238648897339065,-1.3956120097588256,4.978132091024794,1
4.644861229580361,-0.9606225326674492,-4.142235808259136,1
4.376304812534404,-2.1482028242142768,-3.9261156044377623,1
10.746214750747482,2.779631814509547,11.67641110153254,1
3.1882336337767123,-3.0722556316323675,-7.04708394649388,1
1.756752737606197,-3.633334462305476,-5.837149145443597,1
11.289392325785442,3.426050929173172,4.187130618372507,1
2.254424086239358,-5.372613824386995,-1.8064326133471025,1
8.96241216710488,-1.3391145264990325,2.606411792545242,1
7.196930229371345,4.821607020122959,3.31475506827361,1
8.205494182802981,-3.3384067805677007,-4.892883902862852,1
-2.9957964248139426,-2.829643954645453,-4.447598803670532,1
10.303279333840136,-1.0234458814253813,-8.736817247491429,1
7.58826146744007,0.1468692100053241,0.5471059829029784,1
9.845696159442696,0.352884318570636,3.837688682645151,1
13.350370485891386,3.934961561833676,6.812175421385671,1
-1.450590029231693,1.4820128619566773,5.648212997057932,1
10.81988639613563,1.7461999255696294,1.4145468739025373,1
15.435875639373288,4.71788611778122,3.8606277145491,1
9.107604314439047,-0.7174377120114729,2.490032081784136,1
4.844226644630754,-4.27442928898933,-2.9140057903748167,1
9.08721712467691,1.1887857733495857,-3.472672235589627,1
3.724630161234386,-0.4650166118243769,-3.525207361251518,1
9.854923371283515,3.185183528515964,8.662891995686712,1
7.266889419194396,2.938838564984745,6.931876904660766,1
7.965980497804253,2.49856879243283,0.8681351366062409,1
11.147073092287137,1.8280258686823143,10.118062745106322,1
12.318341109666187,3.148473036093264,2.588426982548567,1
6.159576303977291,-1.1442617722956263,-1.8106790559735315,1
6.718697622096008,-2.738574634207392,-2.1540492131881086,1
14.90503286862507,0.4532469490926156,-5.923400042536809,1
9.39311713416138,3.551159089495353,1.826937829236984,1
6.761101636038322,-0.4411751119731503,1.5250001117556702,1
9.180696493234798,-2.562043873426642,7.833729130756498,1
3.943702361115649,-2.549512696367547,-2.2205114841740854,1
8.61929214325252,0.8516685485876629,0.7042601449611977,1
12.845368458037017,0.8706397619976187,-5.343565044626569,1
7.493918920190762,-1.3375028299609006,1.2161219010426216,1
12.99152006718962,2.7996540240430003,4.47448160204684,1
5.713945264472962,-3.424015220552346,-6.354851534266175,1
4.119887005451396,-0.502311350870255,-6.006794890758851,1
8.701138049810456,-2.3576074100944178,-4.8319693640485735,1
3.696890713723549,1.091327180412093,-3.6730133375770566,1
9.90669610529114,1.9817465747586809,0.5680945818054934,1
8.098629456636626,-1.177182636089325,-0.700588509957774,1
13.303636783814524,-1.3810273365607937,5.270986137089894,1
5.232426735529885,1.4496993482357798,5.715978832195942,1
5.451059234304648,-4.3875976060279225,0.9592595419567668,1
4.331903131655324,-2.2641316330089065,-2.8730423291449605,1
11.65621725973513,0.8271209666532822,1.9680191281235828,1
1.4620404112208032,-0.3912792172061928,-1.3797080947806024,1
15.768510811209222,1.6494665538120623,-0.1152182134022744,1
7.168444158174454,-0.8636105103486102,-6.841194527352912,1
7.299506283641162,-4.081124380916643,-3.1672091097102046,1
6.942165281582186,1.9684891413944583,-2.6699616907424453,1
10.974874776042022,4.098313592660151,5.259167983464525,1
7.214309880135493,-2.8780708636214336,-5.674964454525133,1
7.810429505645908,2.4126447745956527,3.031985792970052,1
-1.5117660339071453,-4.434365978615814,-4.583227532165742,1
10.15792777140613,-0.8128471382193294,-3.625752923734915,1
12.641271904560522,-1.562498551888043,-1.0378941659164602,1
5.6151695711016565,2.8785379038933754,2.757117472976339,1
5.79393651587181,-0.973503314983168,3.4408099187431698,1
1.119325751101723,-1.1639961735966593,-6.112237723100336,1
1.852241530340968,-1.2208742441668703,-2.289074112494697,1
6.272899482660431,1.1709965054936786,-2.1320035598524427,1
10.721129743467731,2.7758246276217875,3.8799329816799295,1
6.18292029422828,-0.8031252197587169,-0.4558463926805665,1
6.473516720716468,-2.5915744395626725,-6.022678893308568,1
6.434143239436123,0.7474777506790318,1.7597080515858734,1
6.231009129817112,-0.7231331638208901,-1.6232534574177215,1
-2.9067190144258195,1.6806827419526609,2.7882958796566037,1
3.44675867569792,1.1316527962359233,0.5989200243408095,1
6.668911088078818,1.5627354753749714,3.3361726151399025,1
7.70472547370872,-1.2722275694274154,-0.1201651728066031,1
10.24147680718057,-0.6462272555751511,1.8622404453794177,1
3.052573697581336,-0.8530930245103343,4.172739881059875,1
9.088083836026607,-1.6470882481475502,-4.416086532235645,1
0.7984625430387826,0.4190309924492599,-7.52624182469139,1
15.356947447755044,4.363391950245714,-0.7110276061948906,1
1.9404331221176176,-3.798087910939671,-5.369047616769145,1
5.192823223848157,1.6958367889116348,5.420597888221593,1
8.650993884312046,-3.748747670493529,-5.707421903665302,1
6.18513333362029,-1.6752828535266908,2.352242095121591,1
13.007774069754513,-0.1183804363868586,-3.8023182866450274,1
8.20313334218482,0.2722190865839914,3.7527316862251863,1
4.023235064869095,-1.867453922772361,-1.510982312873953,1
14.02995721352936,1.956348529400151,5.40659503534769,1
7.825680710908621,-1.6455068055908229,0.0841350935143381,1
-2.931726987733846,-4.514736663804139,-6.740620609741679,1
11.541997377231215,2.811153296441849,10.218597496442555,1
4.642123755174454,-1.0291693851739396,-5.951427285684512,1
3.6662487736825113,-3.4956451040298697,-5.073734196794613,1
10.773887694076764,2.1644473774319684,6.045701860956712,1
10.486955336073974,1.744461299795976,2.1358307508401984,1
8.544412922412025,-2.979094824490372,-4.043669550122695,1
3.717315422606935,-0.7940919085382024,-0.4916072034857563,1
13.68812724327421,-1.0556475177082283,8.02292994399162,1
10.500404623706771,-1.839051679536184,1.9724323263947985,1
9.96943138885977,2.0718335175984945,9.605250000795056,1
11.647872341729936,-0.0033950016136963,-0.519942954743617,1
4.582565910402724,-0.3411275106596674,-0.8803398856196726,1
5.34817794904942,2.673829481084874,1.2122251156422197,1
9.967565712305614,3.754297905781345,4.444070321926231,1
11.268753055736076,1.639209011196133,-1.1117834318083726,1
9.074611774385438,0.8030813863525416,3.6011234369063003,1
13.933311209764632,-0.7557340626288522,-2.980565160169592,1
3.3976551726188218,-3.09181807011448,-2.0090920003174477,1
11.198235875047503,3.878003885737804,6.09158184614125,1
5.667283609044625,0.2739829055313923,-0.3464602854249737,1
4.7147855241221,-0.0059648048117854,3.586941510725617,1
3.188092731480329,-1.2271830804827153,-1.9133276877084329,1
7.572017547406148,-0.9580262102545762,2.3191376633608214,1
4.976250720321201,-4.813609044097152,-2.94721172954627,1
4.679082977519432,-0.9324945159771468,0.3879243811391812,1
3.486781842175809,-1.9282421712838944,-7.359504585315415,1
5.450448672472732,0.8269021919671782,-0.9603384090129472,1
12.20049592880892,-2.671716264909388,-6.319670831770091,1
11.93056668989764,2.091367575461463,1.9773862774947584,1
9.779175666206104,-2.729099131034955,1.9418687054365424,1
13.89509652823823,4.847445748486296,8.208211116483835,1
14.379002710229566,-0.819584224037369,-3.760135364301922,1
8.369368959549773,1.9572891501849408,3.861403995267286,1
4.365670272964763,-0.5450038059115204,3.98667157016004,1
7.420337988932801,-1.6377274810022708,6.542392614723222,1
5.565993447823872,-2.1648458134661688,-2.922243881385768,1
6.129188785154394,-0.1623219438255163,0.2352354019130426,1
9.127671283884808,3.9128510106856735,5.504060083283807,1
10.413129934162605,2.8653043504369187,1.3045459734838238,1
2.207194025561217,1.333369746349933,5.70981013672183,1
8.703125290278262,-1.3775417659109332,6.201460581765224,1
4.398470679323452,0.9577639424295854,0.2883646338176429,1
11.041402551537864,0.6538943134051918,4.622692963855191,1
16.895474435843795,0.1875847313716687,3.5710036261971143,1
7.587616861749614,-0.2759888884019802,0.8179704739570924,1
1.645524731607387,-0.6384422826166759,-1.427856556363925,1
13.982209376635549,-0.8868865516712117,0.4384409767383691,1
-1.5874166077367828,-1.3375442411197092,1.247828647727482,1
10.371598473365284,0.2163594498229782,-2.649652079663268,1
7.544297249029389,2.7159727259230384,0.585597523635478,1
1.5855759133282925,-6.368831089433967,-5.932668616012915,1
8.950687328866302,2.5760739907431605,-0.3785029429465992,1
4.916211596710928,0.868710319652035,0.0433062043563883,1
4.177359265616542,-3.9720898356932848,-3.4124639838671422,1
10.160023447932064,-1.397824597977337,-2.949070226590841,1
10.345874903150907,-1.339674712146642,-1.4556299829094974,1
4.621865485660688,0.3937783965733385,2.42737045687672,1
5.918243629103031,0.7890309794821875,-5.322582066973816,1
3.438707384742156,-0.3128719815745475,1.7134154182853187,1
11.785916114884476,0.986302389262624,1.9034611208646148,1
0.3758823957176336,-2.6020176118271583,-6.916952801532515,1
11.528520707516796,1.784318686882829,4.577148282163966,1
9.828621023288758,1.306649789178424,-0.5975858536245301,1
15.026384100384837,0.2410518474442604,2.527245119353034,1
5.417789153992812,-1.6027725590498505,-7.055176546738711,1
9.261071133986178,1.208671716671262,3.932102089312329,1
12.342615932458443,1.6578348087462946,1.1025216998535776,1
8.046591258307043,0.4703751871872308,0.8425142740252941,1
3.3864709309175924,1.1588811754913992,-7.923459925679914,1
7.710105512932245,0.3518964310139931,-6.839532211542039,1
6.31014494591713,1.4833996673384011,5.222944866272004,1
2.1538218541392045,2.412949856585634,3.440237248494848,1
7.712173043739537,0.5777242197977446,-5.273821447796908,1
9.228257048170487,2.2942949302278306,-6.515249538347573,1
5.469981767096671,-0.8191869186323258,-0.7110607380618935,1
0.352973418594642,-0.5630557827692175,-2.086249915387594,1
12.452199123741082,0.1650115989754803,2.261037730815595,1
8.751432256197084,3.691265757666797,8.152155632759278,1
4.971830534281022,3.644351714750384,3.1751933150550395,1
5.4501219903032405,2.5797943992416146,1.913030247153089,1
5.782770901873034,-0.4220807462421392,6.507854826774382,1
8.206118297232065,1.4530403539018606,-0.6621116174747779,1
9.877918972806803,3.7229655360145495,4.5446480394150806,1
8.025895768873045,3.1158378658887766,4.702058408811249,1
5.205343624491629,-1.33659895582623,-4.217794491310126,1
5.775561072210171,2.218331740345323,5.802479769848375,1
5.616657579929527,0.5789539148829489,0.7448799331510105,1
6.6517312888180165,-2.2775199116447635,-2.3411846792036624,1
8.085881654090262,1.546399577620163,-4.049044921889346,1
9.614711414189411,2.489746126248661,3.137761723027769,1
12.753201627112723,0.2622755787000994,3.655420578981716,1
7.089420078248866,0.8067754403115659,-7.63039533591223,1
7.7269435932804145,-0.9426408827584276,-5.787810231284018,1
10.24211926649593,-1.7434385263812568,2.8825726728450505,1
8.590195354015627,2.6853744794758527,-1.57478473118993,1
4.285709592624258,3.549539030338738,-3.142224318727942,1
1.4694447032789757,2.039195159421403,2.4201766800637325,1
16.42180328216829,1.9122321088839336,1.623358406827408,1
16.327716396035044,4.323569666982994,5.204473200210087,1
-0.0416760576773835,-2.2276344340840493,-2.7444433156313965,1
6.306351310808391,-1.4367871025909906,-0.8415507584199172,1
8.968491068081919,0.8793902933582173,-2.1633092704990324,1
11.817067620938646,1.4013352838225008,1.4607390128404134,1
8.004263237472898,-2.3264572645108967,1.7200779373169888,1
10.33858740861812,-1.2745094479865635,5.559984460053954,1
2.9397266753698297,-0.0469551923090067,2.117043299497684,1
5.949562666695957,2.1622359823224664,-0.6192287257993829,1
3.2765160386913648,-1.891003974349354,-5.81453800037849,1
5.2924487176061605,0.875367807211562,6.24508656722178,1
6.446758099722723,-1.1873548992683234,-4.072651205690152,1
6.611241857536938,1.175735633250773,5.3178816179417,1
5.737572315806885,0.1860656719365604,-0.8875324788734835,1
5.952908374907713,5.221121735993986,4.338530530985777,1
10.464385047834222,1.987382096328888,-2.298707898561898,1
0.7497486929246966,-1.808310506674608,-0.1295565714090432,1
10.511366059163777,1.212653737978831,0.1888795402738579,1
17.9994799376229,2.440432489869898,5.357298439187951,1
14.665127005484909,-1.878005479535195,-2.223917495412972,1
9.05361222036668,0.8568413523982519,4.198845181688097,1
4.575101184252524,-4.020607657886145,-7.038835493037843,1
11.61552667962194,2.510575117435497,-1.4578909073391184,1
5.441010879451087,-4.830753154374889,-12.095412053214773,1
4.438822335247149,3.850886805879155,3.627993502644253,1
12.24314646400016,0.6664413251372706,-3.1270227713292136,1
12.686687425454604,1.4343527160869438,4.108582332225819,1
0.5186482640072301,-0.3918663814988041,-2.687671312516091,1
0.1603096885151682,-1.8937360552082791,-3.384794838346276,1
9.706079746837942,0.6512819291463638,-2.040568699421247,1
5.613864326986176,-1.86070405821224,-3.6490255185171687,1
12.353400519192643,-2.332410408871546,3.2166369000506148,1
3.291607974524366,2.092448875260025,2.635396279566812,1
12.01893775714547,-0.2381287333589186,3.684643930324908,1
8.937841517601289,1.3954413693723509,0.3123032718389937,1
4.071461275412947,-3.384283004390167,-1.1487091329505503,1
2.40503929563023,-4.350440942801294,-6.829300067203252,1
11.03395193732628,0.7818976380651506,-4.320377087221088,1
7.747178599755985,-1.43608301221881,1.6650239909731168,1
8.033982441631482,-0.2306314190880757,3.4472403003404244,1
4.113368300225599,-0.4396329964610825,-4.495040992041836,1
9.29068085254854,0.3053812468077576,3.3752083215279884,1
14.625886014051945,2.7268840402877994,1.219431165346854,1
7.63944792445313,1.8237229775245127,5.22979469705147,1
4.479115178832371,-3.6081575145299793,-2.9074944047004347,1
5.0884130001541,2.0424700153815647,-0.0364361828658027,1
1.59011384179622,5.399299396315668,1.5027592508708851,1
3.771519593938947,-1.3101893464890213,1.8418050163473985,1
5.06475191244068,-4.296237023832743,-6.1746616171587245,1
3.608234235866192,-4.120655284882587,-9.811714743124076,1
9.14700474888818,0.8167863599328394,-2.8036433276151933,1
6.611161106954331,1.593906405828371,-2.3706493103298696,1
6.465020833620196,-0.2477400754915424,0.8870654333080792,1
12.58306188022518,1.5850067734140008,3.207038428545728,1
5.684475356747074,0.8863917560916516,0.7124513139285976,1
7.082666263887197,-0.1196878858165893,-0.3418530124560244,1
6.30813305381659,1.610789903570276,0.5316636869760285,1
1.4073065482019969,-2.856389929891927,-0.8220844480711963,1
20.65721869130946,1.509293771781341,-0.1894918083402037,1
5.806902284375337,-3.003196102950612,-6.285074929947345,1
4.959996393640745,-1.6669329597283415,-5.694221607524571,1
5.339667043251241,-1.9047991338051145,-5.708968545366147,1
3.0183052629119604,-3.9860671652965953,-7.377638264651296,1
-1.4197517661563346,-1.5837417308738833,1.9466170448668965,1
3.590254031111721,0.4148694780366571,-3.050664961533069,1
7.259183356551065,0.2775816025300778,2.2602815861489463,1
6.39753713089637,1.672839667367626,1.6935650756274727,1
8.787684043556267,0.8371093985388698,-4.377376050680036,1
13.103377977909076,2.136973180912497,2.491035357523306,1
6.705329842148264,-2.8063159427121467,-1.2759463428338833,1
8.720500792331435,0.0886917498846301,-3.511603977836016,1
11.853974778789066,1.5634809746712175,1.6606392485182269,1
4.849947553412161,0.3514662597799135,1.235108180594029,1
5.400370469957426,-2.983527052202761,-7.231089755261218,1
2.722688309321536,-0.4379379465901942,-2.645134185094919,1
5.883544659686916,-3.06912869391146,-5.500575788160921,1
7.495103951526281,0.7454398891797364,1.7544032900338808,1
6.096010476920915,3.016405753111877,-7.233680397992326,1
